Workbook

Sheet Srpint 1
A1: Project name: | C1: Xây dựng hệ thống quản lý tài chính gia đình | F1: Kết thúc đúng hạn
A2: Module name: | C2: Sprint 1 | F2: Muộn
A3: Start date: | C3: =I15 -> 46102 | F3: Trước thời hạn
A4: End date: | C4: =W15 -> 46116
B6: SPRINT 1 REPORT
B7: No | C7: Thành viên | D7: Thực tế | E7: Ước tính
B8: 1 | C8: Đức | D8: =SUMIF(E16:E104,"Đức",G16:G104)+SUMIF(E16:E104,"All team",G16:G104)/5 -> 42 | E8: =SUMIF(E16:E104,"Đức",H16:H104)+SUMIF(E16:E104,"All team",H16:H104)/5 -> 46
B9: 2 | C9: Tiên | D9: =SUMIF(E16:E104,"Tiên",G16:G104)+SUMIF(E16:E104,"All team",G16:G104)/5+SUMIF(E16:E104,"Tiên, Vũ",G16:G104)/2 -> 43 | E9: =SUMIF(E16:E104,"Tiên",H16:H104)+SUMIF(E16:E104,"All team",H16:H104)/5+SUMIF(E16:E104,"Tiên, Vũ",H16:H104)/2 -> 46
B10: 3 | C10: Vũ | D10: =SUMIF(E16:E104,"Vũ",G16:G104)+SUMIF(E16:E104,"All team",G16:G104)/5+SUMIF(E16:E104,"Tiên, Vũ",G16:G104)/2 -> 40 | E10: =SUMIF(E16:E104,"Vũ",H16:H104)+SUMIF(E16:E104,"All team",H16:H104)/5+SUMIF(E16:E104,"Tiên, Vũ",H16:H104)/2 -> 44
B11: 4 | C11: Nguyên | D11: =SUMIF(E16:E104,"Nguyên",G16:G104)+SUMIF(E16:E104,"All team",G16:G104)/5+SUMIF(E16:E104,"Nguyên, Nhã",G16:G104)/2 -> 45 | E11: =SUMIF(E16:E104,"Nguyên",H16:H104)+SUMIF(E16:E104,"All team",H16:H104)/5+SUMIF(E16:E104,"Nguyên, Nhã",H16:H104)/2 -> 46
B12: 5 | C12: Nhã | D12: =SUMIF(E16:E104,"Nhã",G16:G104)+SUMIF(E16:E104,"All team",G16:G104)/5+SUMIF(E16:E104,"Nguyên, Nhã",G16:G104)/2 -> 43 | E12: =SUMIF(E16:E104,"Nhã",H16:H104)+SUMIF(E16:E104,"All team",H16:H104)/5+SUMIF(E16:E104,"Nguyên, Nhã",H16:H104)/2 -> 46
B13: Tổng | D13: =SUM(D8:D12) -> 213 | E13: =SUM(E8:E12) -> 228
A15: Sprint | B15: Compoment | C15: Task name | E15: Responsible Member | G15: Thực tế | H15: Ước tính | I15: 46102 | J15: 46103 | K15: 46104 | L15: 46105 | M15: 46106 | N15: 46107 | O15: 46108 | P15: 46109 | Q15: 46110 | R15: 46111 | S15: 46112 | T15: 46113 | U15: 46114 | V15: 46115 | W15: 46116
A16: Sprint 1 | B16: Họp kế hoạch Sprint | E16: All team | G16: =H16-I16 -> 10 | H16: 10 | I16: 0 | J16: 0 | K16: 0 | L16: 0 | M16: 0 | N16: 0 | O16: 0 | P16: 0 | Q16: 0 | R16: 0 | S16: 0 | T16: 0 | U16: 0 | V16: 0 | W16: 0
B17: Tạo Sprint Backlog 1 | E17: Nguyên, Nhã | G17: 4 | H17: 4 | I17: 4 | J17: 0 | K17: 0 | L17: 0 | M17: 0 | N17: 0 | O17: 0 | P17: 0 | Q17: 0 | R17: 0 | S17: 0 | T17: 0 | U17: 0 | V17: 0 | W17: 0
B18: Tạo tài liệu kiểm thử cho Sprint | E18: Tiên, Vũ | G18: =H18-K18 -> 4 | H18: 4 | I18: 4 | J18: 0 | K18: 0 | L18: 0 | M18: 0 | N18: 0 | O18: 0 | P18: 0 | Q18: 0 | R18: 0 | S18: 0 | T18: 0 | U18: 0 | V18: 0 | W18: 0
B19: User interface design | C19: Đăng ký | E19: Nguyên | G19: =H19+K19 -> 2 | H19: 2 | I19: 2 | J19: 2 | K19: 0 | L19: 0 | M19: 0 | N19: 0 | O19: 0 | P19: 0 | Q19: 0 | R19: 0 | S19: 0 | T19: 0 | U19: 0 | V19: 0 | W19: 0
C20: Đăng nhập / Đăng xuất | E20: Nhã | G20: =H20+K20 -> 2 | H20: 2 | I20: 2 | J20: 2 | K20: 0 | L20: 0 | M20: 0 | N20: 0 | O20: 0 | P20: 0 | Q20: 0 | R20: 0 | S20: 0 | T20: 0 | U20: 0 | V20: 0 | W20: 0
C21: Quản lý thông tin cá nhân | E21: Tiên | G21: =H21+K21 -> 2 | H21: 2 | I21: 2 | J21: 2 | K21: 0 | L21: 0 | M21: 0 | N21: 0 | O21: 0 | P21: 0 | Q21: 0 | R21: 0 | S21: 0 | T21: 0 | U21: 0 | V21: 0 | W21: 0
C22: Quản lý phân quyền | E22: Vũ | G22: =H22+K22 -> 2 | H22: 2 | I22: 2 | J22: 2 | K22: 0 | L22: 0 | M22: 0 | N22: 0 | O22: 0 | P22: 0 | Q22: 0 | R22: 0 | S22: 0 | T22: 0 | U22: 0 | V22: 0 | W22: 0
C23: Thêm thành viên vào nhóm gia đình | E23: Đức | G23: =H23+K24 -> 1 | H23: 2 | I23: 2 | J23: 2 | K23: 0 | L23: 0 | M23: 0 | N23: 0 | O23: 0 | P23: 0 | Q23: 0 | R23: 0 | S23: 0 | T23: 0 | U23: 0 | V23: 0 | W23: 0
K24: -1
C25: Tạo phòng và gia nhập phòng | E25: Tiên | G25: =H25+K25 -> 2 | H25: 2 | I25: 2 | J25: 2 | K25: 0 | L25: 0 | M25: 0 | N25: 0 | O25: 0 | P25: 0 | Q25: 0 | R25: 0 | S25: 0 | T25: 0 | U25: 0 | V25: 0 | W25: 0
C26: Xóa thành viên khỏi nhóm gia đình | E26: Nhã | G26: =H26+K26 -> 2 | H26: 2 | I26: 2 | J26: 2 | K26: 0 | L26: 0 | M26: 0 | N26: 0 | O26: 0 | P26: 0 | Q26: 0 | R26: 0 | S26: 0 | T26: 0 | U26: 0 | V26: 0 | W26: 0
C27: Thêm khoản thu | E27: Tiên | G27: =H27+K27 -> 2 | H27: 2 | I27: 2 | J27: 2 | K27: 0 | L27: 0 | M27: 0 | N27: 0 | O27: 0 | P27: 0 | Q27: 0 | R27: 0 | S27: 0 | T27: 0 | U27: 0 | V27: 0 | W27: 0
C28: Xem danh sách khoản thu | E28: Vũ | G28: =H28+K28 -> 2 | H28: 2 | I28: 2 | J28: 2 | K28: 0 | L28: 0 | M28: 0 | N28: 0 | O28: 0 | P28: 0 | Q28: 0 | R28: 0 | S28: 0 | T28: 0 | U28: 0 | V28: 0 | W28: 0
C29: Xem chi tiết khoản thu | E29: Vũ | G29: =H29+K30 -> 1 | H29: 2 | I29: 2 | J29: 2 | K29: 0 | L29: 0 | M29: 0 | N29: 0 | O29: 0 | P29: 0 | Q29: 0 | R29: 0 | S29: 0 | T29: 0 | U29: 0 | V29: 0 | W29: 0
K30: -1
C31: Review all user interfaces of sprint 1 | E31: All team | G31: =H31+K32 -> 5 | H31: 10 | I31: 10 | J31: 10 | K31: 0 | L31: 0 | M31: 0 | N31: 0 | O31: 0 | P31: 0 | Q31: 0 | R31: 0 | S31: 0 | T31: 0 | U31: 0 | V31: 0 | W31: 0
K32: -5
B33: Design test case | C33: Đăng ký | E33: Nguyên | G33: =H33+L33 -> 2 | H33: 2 | I33: 2 | J33: 2 | K33: 2 | L33: 0 | M33: 0 | N33: 0 | O33: 0 | P33: 0 | Q33: 0 | R33: 0 | S33: 0 | T33: 0 | U33: 0 | V33: 0 | W33: 0
C34: Đăng nhập / Đăng xuất | E34: Nhã | G34: =H34+L34 -> 2 | H34: 2 | I34: 2 | J34: 2 | K34: 2 | L34: 0 | M34: 0 | N34: 0 | O34: 0 | P34: 0 | Q34: 0 | R34: 0 | S34: 0 | T34: 0 | U34: 0 | V34: 0 | W34: 0
C35: Quản lý thông tin cá nhân | E35: Tiên | G35: =H35+L35 -> 2 | H35: 2 | I35: 2 | J35: 2 | K35: 2 | L35: 0 | M35: 0 | N35: 0 | O35: 0 | P35: 0 | Q35: 0 | R35: 0 | S35: 0 | T35: 0 | U35: 0 | V35: 0 | W35: 0
C36: Quản lý phân quyền | E36: Vũ | G36: =H36+L36 -> 2 | H36: 2 | I36: 2 | J36: 2 | K36: 2 | L36: 0 | M36: 0 | N36: 0 | O36: 0 | P36: 0 | Q36: 0 | R36: 0 | S36: 0 | T36: 0 | U36: 0 | V36: 0 | W36: 0
C37: Thêm thành viên vào nhóm gia đình | E37: Đức | G37: =H37+L37 -> 2 | H37: 2 | I37: 2 | J37: 2 | K37: 2 | L37: 0 | M37: 0 | N37: 0 | O37: 0 | P37: 0 | Q37: 0 | R37: 0 | S37: 0 | T37: 0 | U37: 0 | V37: 0 | W37: 0
C38: Tạo phòng và gia nhập phòng | E38: Tiên | G38: =H38+L38 -> 2 | H38: 2 | I38: 2 | J38: 2 | K38: 2 | L38: 0 | M38: 0 | N38: 0 | O38: 0 | P38: 0 | Q38: 0 | R38: 0 | S38: 0 | T38: 0 | U38: 0 | V38: 0 | W38: 0
C39: Xóa thành viên khỏi nhóm gia đình | E39: Nhã | G39: =H39+L39 -> 2 | H39: 2 | I39: 2 | J39: 2 | K39: 2 | L39: 0 | M39: 0 | N39: 0 | O39: 0 | P39: 0 | Q39: 0 | R39: 0 | S39: 0 | T39: 0 | U39: 0 | V39: 0 | W39: 0
C40: Thêm khoản thu | E40: Tiên | G40: =H40+L40 -> 2 | H40: 2 | I40: 2 | J40: 2 | K40: 2 | L40: 0 | M40: 0 | N40: 0 | O40: 0 | P40: 0 | Q40: 0 | R40: 0 | S40: 0 | T40: 0 | U40: 0 | V40: 0 | W40: 0
C41: Xem danh sách khoản thu | E41: Vũ | G41: =H41+L41 -> 2 | H41: 2 | I41: 2 | J41: 2 | K41: 2 | L41: 0 | M41: 0 | N41: 0 | O41: 0 | P41: 0 | Q41: 0 | R41: 0 | S41: 0 | T41: 0 | U41: 0 | V41: 0 | W41: 0
C42: Xem chi tiết khoản thu | E42: Đức | G42: =H42+L42 -> 2 | H42: 2 | I42: 2 | J42: 2 | K42: 2 | L42: 0 | M42: 0 | N42: 0 | O42: 0 | P42: 0 | Q42: 0 | R42: 0 | S42: 0 | T42: 0 | U42: 0 | V42: 0 | W42: 0
C43: Review all test case of sprint 1 | E43: All team | G43: =H43+L44 -> 5 | H43: 10 | I43: 10 | J43: 10 | K43: 10 | L43: 0 | M43: 0 | N43: 0 | O43: 0 | P43: 0 | Q43: 0 | R43: 0 | S43: 0 | T43: 0 | U43: 0 | V43: 0 | W43: 0
L44: -5 | M44: 0 | N44: 0 | O44: 0 | P44: 0 | Q44: 0 | R44: 0 | S44: 0 | T44: 0 | U44: 0 | V44: 0 | W44: 0
B45: Coding | C45: Front-End Đăng ký | E45: Đức | G45: 2 | H45: 2 | I45: 2 | J45: 2 | K45: 2 | L45: 2 | M45: 0 | N45: 0 | O45: 0 | P45: 0 | Q45: 0 | R45: 0 | S45: 0 | T45: 0 | U45: 0 | V45: 0 | W45: 0
C46: Front-End Đăng nhập / Đăng xuất | E46: Nguyên | G46: =H46+M47 -> 3 | H46: 2 | I46: 2 | J46: 2 | K46: 2 | L46: 2 | M46: 0 | N46: 0 | O46: 0 | P46: 0 | Q46: 0 | R46: 0 | S46: 0 | T46: 0 | U46: 0 | V46: 0 | W46: 0
I47: 2 | J47: 2 | K47: 2 | L47: 2 | M47: 1
C48: Front-End Quản lý thông tin cá nhân | E48: Nhã | G48: 2 | H48: 2 | I48: 2 | J48: 2 | K48: 2 | L48: 2 | M48: 0 | N48: 0 | O48: 0 | P48: 0 | Q48: 0 | R48: 0 | S48: 0 | T48: 0 | U48: 0 | V48: 0 | W48: 0
C49: Front-End Quản lý phân quyền | E49: Tiên | G49: 2 | H49: 2 | I49: 2 | J49: 2 | K49: 2 | L49: 2 | M49: 0 | N49: 0 | O49: 0 | P49: 0 | Q49: 0 | R49: 0 | S49: 0 | T49: 0 | U49: 0 | V49: 0 | W49: 0
C50: Front-End Thêm thành viên vào nhóm gia đình | E50: Vũ | G50: 2 | H50: 2 | I50: 2 | J50: 2 | K50: 2 | L50: 2 | M50: 0 | N50: 0 | O50: 0 | P50: 0 | Q50: 0 | R50: 0 | S50: 0 | T50: 0 | U50: 0 | V50: 0 | W50: 0
C51: Front-End Tạo phòng và gia nhập phòng | E51: Đức | G51: 2 | H51: 2 | I51: 2 | J51: 2 | K51: 2 | L51: 2 | M51: 2 | N51: 0 | O51: 0 | P51: 0 | Q51: 0 | R51: 0 | S51: 0 | T51: 0 | U51: 0 | V51: 0 | W51: 0
C52: Front-End Xóa thành viên khỏi nhóm gia đình | E52: Nguyên | G52: =H52+N53 -> 3 | H52: 2 | I52: 2 | J52: 2 | K52: 2 | L52: 2 | M52: 2 | N52: 0 | O52: 0 | P52: 0 | Q52: 0 | R52: 0 | S52: 0 | T52: 0 | U52: 0 | V52: 0 | W52: 0
I53: 2 | J53: 2 | K53: 2 | L53: 2 | M53: 2 | N53: 1
C54: Front-End Thêm khoản thu | E54: Nhã | G54: 2 | H54: 2 | I54: 2 | J54: 2 | K54: 2 | L54: 2 | M54: 2 | N54: 0 | O54: 0 | P54: 0 | Q54: 0 | R54: 0 | S54: 0 | T54: 0 | U54: 0 | V54: 0 | W54: 0
C55: Front-End Xem danh sách khoản thu | E55: Tiên | G55: 2 | H55: 2 | I55: 2 | J55: 2 | K55: 2 | L55: 2 | M55: 2 | N55: 0 | O55: 0 | P55: 0 | Q55: 0 | R55: 0 | S55: 0 | T55: 0 | U55: 0 | V55: 0 | W55: 0
C56: Front-End Xem chi tiết khoản thu | E56: Vũ | G56: 2 | H56: 2 | I56: 2 | J56: 2 | K56: 2 | L56: 2 | M56: 2 | N56: 0 | O56: 0 | P56: 0 | Q56: 0 | R56: 0 | S56: 0 | T56: 0 | U56: 0 | V56: 0 | W56: 0
C57: Back-End Đăng ký | E57: Đức | G57: 4 | H57: 4 | I57: 4 | J57: 4 | K57: 4 | L57: 4 | M57: 4 | N57: 4 | O57: 4 | P57: 0 | Q57: 0 | R57: 0 | S57: 0 | T57: 0 | U57: 0 | V57: 0 | W57: 0
C58: Back-End Đăng nhập / Đăng xuất | E58: Nguyên | G58: =H58+P59 -> 5 | H58: 4 | I58: 4 | J58: 4 | K58: 4 | L58: 4 | M58: 4 | N58: 4 | O58: 4 | P58: 0 | Q58: 0 | R58: 0 | S58: 0 | T58: 0 | U58: 0 | V58: 0 | W58: 0
P59: 1
C60: Back-End Quản lý thông tin cá nhân | E60: Nhã | G60: 4 | H60: 4 | I60: 4 | J60: 4 | K60: 4 | L60: 4 | M60: 4 | N60: 4 | O60: 4 | P60: 0 | Q60: 0 | R60: 0 | S60: 0 | T60: 0 | U60: 0 | V60: 0 | W60: 0
C61: Back-End Quản lý phân quyền | E61: Đức | G61: 4 | H61: 4 | I61: 4 | J61: 4 | K61: 4 | L61: 4 | M61: 4 | N61: 4 | O61: 4 | P61: 0 | Q61: 0 | R61: 0 | S61: 0 | T61: 0 | U61: 0 | V61: 0 | W61: 0
C62: Back-End Thêm thành viên vào nhóm gia đình | E62: Nguyên | G62: 4 | H62: 4 | I62: 4 | J62: 4 | K62: 4 | L62: 4 | M62: 4 | N62: 4 | O62: 4 | P62: 0 | Q62: 0 | R62: 0 | S62: 0 | T62: 0 | U62: 0 | V62: 0 | W62: 0
C63: Back-End Tạo phòng và gia nhập phòng | E63: Đức | G63: 4 | H63: 4 | I63: 4 | J63: 4 | K63: 4 | L63: 4 | M63: 4 | N63: 4 | O63: 4 | P63: 4 | Q63: 4 | R63: 0 | S63: 0 | T63: 0 | U63: 0 | V63: 0 | W63: 0
C64: Back-End Xóa thành viên khỏi nhóm gia đình | E64: Nguyên | G64: =H64+R65 -> 5 | H64: 4 | I64: 4 | J64: 4 | K64: 4 | L64: 4 | M64: 4 | N64: 4 | O64: 4 | P64: 4 | Q64: 4 | R64: 0 | S64: 0 | T64: 0 | U64: 0 | V64: 0 | W64: 0
R65: 1
C66: Back-End Thêm khoản thu | E66: Nhã | G66: 4 | H66: 4 | I66: 4 | J66: 4 | K66: 4 | L66: 4 | M66: 4 | N66: 4 | O66: 4 | P66: 4 | Q66: 4 | R66: 0 | S66: 0 | T66: 0 | U66: 0 | V66: 0 | W66: 0
C67: Back-End Xem danh sách khoản thu | E67: Tiên | G67: 4 | H67: 4 | I67: 4 | J67: 4 | K67: 4 | L67: 4 | M67: 4 | N67: 4 | O67: 4 | P67: 4 | Q67: 4 | R67: 0 | S67: 0 | T67: 0 | U67: 0 | V67: 0 | W67: 0
C68: Back-End Xem chi tiết khoản thu | E68: Vũ | G68: 4 | H68: 4 | I68: 4 | J68: 4 | K68: 4 | L68: 4 | M68: 4 | N68: 4 | O68: 4 | P68: 4 | Q68: 4 | R68: 0 | S68: 0 | T68: 0 | U68: 0 | V68: 0 | W68: 0
C69: Integrate Code | E69: All team | G69: 10 | H69: 10 | I69: 10 | J69: 10 | K69: 10 | L69: 10 | M69: 10 | N69: 10 | O69: 10 | P69: 10 | Q69: 10 | R69: 0 | S69: 0 | T69: 0 | U69: 0 | V69: 0 | W69: 0
B70: Testing | C70: Đăng ký | E70: Nguyên | G70: =H70+S71 -> 1 | H70: 2 | I70: 2 | J70: 2 | K70: 2 | L70: 2 | M70: 2 | N70: 2 | O70: 2 | P70: 2 | Q70: 2 | R70: 2 | S70: 0 | T70: 0 | U70: 0 | V70: 0 | W70: 0
S71: -1
C72: Đăng nhập / Đăng xuất | E72: Nhã | G72: 2 | H72: 2 | I72: 2 | J72: 2 | K72: 2 | L72: 2 | M72: 2 | N72: 2 | O72: 2 | P72: 2 | Q72: 2 | R72: 2 | S72: 0 | T72: 0 | U72: 0 | V72: 0 | W72: 0
C73: Quản lý thông tin cá nhân | E73: Tiên | G73: 2 | H73: 2 | I73: 2 | J73: 2 | K73: 2 | L73: 2 | M73: 2 | N73: 2 | O73: 2 | P73: 2 | Q73: 2 | R73: 2 | S73: 0 | T73: 0 | U73: 0 | V73: 0 | W73: 0
C74: Quản lý phân quyền | E74: Vũ | G74: 2 | H74: 2 | I74: 2 | J74: 2 | K74: 2 | L74: 2 | M74: 2 | N74: 2 | O74: 2 | P74: 2 | Q74: 2 | R74: 2 | S74: 0 | T74: 0 | U74: 0 | V74: 0 | W74: 0
C75: Thêm thành viên vào nhóm gia đình | E75: Đức | G75: 2 | H75: 2 | I75: 2 | J75: 2 | K75: 2 | L75: 2 | M75: 2 | N75: 2 | O75: 2 | P75: 2 | Q75: 2 | R75: 2 | S75: 0 | T75: 0 | U75: 0 | V75: 0 | W75: 0
C76: Tạo phòng và gia nhập phòng | E76: Nguyên | G76: =H76+S77 -> 1 | H76: 2 | I76: 2 | J76: 2 | K76: 2 | L76: 2 | M76: 2 | N76: 2 | O76: 2 | P76: 2 | Q76: 2 | R76: 2 | S76: 0 | T76: 0 | U76: 0 | V76: 0 | W76: 0
S77: -1
C78: Xóa thành viên khỏi nhóm gia đình | E78: Nhã | G78: 2 | H78: 2 | I78: 2 | J78: 2 | K78: 2 | L78: 2 | M78: 2 | N78: 2 | O78: 2 | P78: 2 | Q78: 2 | R78: 2 | S78: 0 | T78: 0 | U78: 0 | V78: 0 | W78: 0
C79: Thêm khoản thu | E79: Tiên | G79: 2 | H79: 2 | I79: 2 | J79: 2 | K79: 2 | L79: 2 | M79: 2 | N79: 2 | O79: 2 | P79: 2 | Q79: 2 | R79: 2 | S79: 0 | T79: 0 | U79: 0 | V79: 0 | W79: 0
C80: Xem danh sách khoản thu | E80: Vũ | G80: 2 | H80: 2 | I80: 2 | J80: 2 | K80: 2 | L80: 2 | M80: 2 | N80: 2 | O80: 2 | P80: 2 | Q80: 2 | R80: 2 | S80: 0 | T80: 0 | U80: 0 | V80: 0 | W80: 0
C81: Xem chi tiết khoản thu | E81: Đức | G81: 2 | H81: 2 | I81: 2 | J81: 2 | K81: 2 | L81: 2 | M81: 2 | N81: 2 | O81: 2 | P81: 2 | Q81: 2 | R81: 2 | S81: 0 | T81: 0 | U81: 0 | V81: 0 | W81: 0
B82: Fix Bug | C82: Đăng ký | E82: Đức | G82: 2 | H82: 2 | I82: 2 | J82: 2 | K82: 2 | L82: 2 | M82: 2 | N82: 2 | O82: 2 | P82: 2 | Q82: 2 | R82: 2 | S82: 2 | T82: 0 | U82: 0 | V82: 0 | W82: 0
C83: Đăng nhập / Đăng xuất | E83: Nguyên | G83: 2 | H83: 2 | I83: 2 | J83: 2 | K83: 2 | L83: 2 | M83: 2 | N83: 2 | O83: 2 | P83: 2 | Q83: 2 | R83: 2 | S83: 2 | T83: 0 | U83: 0 | V83: 0 | W83: 0
C84: Quản lý thông tin cá nhân | E84: Nhã | G84: 2 | H84: 2 | I84: 2 | J84: 2 | K84: 2 | L84: 2 | M84: 2 | N84: 2 | O84: 2 | P84: 2 | Q84: 2 | R84: 2 | S84: 2 | T84: 0 | U84: 0 | V84: 0 | W84: 0
C85: Quản lý phân quyền | E85: Tiên | G85: 2 | H85: 2 | I85: 2 | J85: 2 | K85: 2 | L85: 2 | M85: 2 | N85: 2 | O85: 2 | P85: 2 | Q85: 2 | R85: 2 | S85: 2 | T85: 0 | U85: 0 | V85: 0 | W85: 0
C86: Thêm thành viên vào nhóm gia đình | E86: Vũ | G86: 2 | H86: 2 | I86: 2 | J86: 2 | K86: 2 | L86: 2 | M86: 2 | N86: 2 | O86: 2 | P86: 2 | Q86: 2 | R86: 2 | S86: 2 | T86: 0 | U86: 0 | V86: 0 | W86: 0
C87: Tạo phòng và gia nhập phòng | E87: Đức | G87: 2 | H87: 2 | I87: 2 | J87: 2 | K87: 2 | L87: 2 | M87: 2 | N87: 2 | O87: 2 | P87: 2 | Q87: 2 | R87: 2 | S87: 2 | T87: 0 | U87: 0 | V87: 0 | W87: 0
C88: Xóa thành viên khỏi nhóm gia đình | E88: Nguyên | G88: 2 | H88: 2 | I88: 2 | J88: 2 | K88: 2 | L88: 2 | M88: 2 | N88: 2 | O88: 2 | P88: 2 | Q88: 2 | R88: 2 | S88: 2 | T88: 0 | U88: 0 | V88: 0 | W88: 0
C89: Thêm khoản thu | E89: Nhã | G89: 2 | H89: 2 | I89: 2 | J89: 2 | K89: 2 | L89: 2 | M89: 2 | N89: 2 | O89: 2 | P89: 2 | Q89: 2 | R89: 2 | S89: 2 | T89: 0 | U89: 0 | V89: 0 | W89: 0
C90: Xem danh sách khoản thu | E90: Tiên | G90: 2 | H90: 2 | I90: 2 | J90: 2 | K90: 2 | L90: 2 | M90: 2 | N90: 2 | O90: 2 | P90: 2 | Q90: 2 | R90: 2 | S90: 2 | T90: 0 | U90: 0 | V90: 0 | W90: 0
C91: Xem chi tiết khoản thu | E91: Vũ | G91: 2 | H91: 2 | I91: 2 | J91: 2 | K91: 2 | L91: 2 | M91: 2 | N91: 2 | O91: 2 | P91: 2 | Q91: 2 | R91: 2 | S91: 2 | T91: 0 | U91: 0 | V91: 0 | W91: 0
B92: Re-testing | C92: Đăng ký | E92: Tiên | G92: 2 | H92: 2 | I92: 2 | J92: 2 | K92: 2 | L92: 2 | M92: 2 | N92: 2 | O92: 2 | P92: 2 | Q92: 2 | R92: 2 | S92: 2 | T92: 2 | U92: 0 | V92: 0 | W92: 0
C93: Đăng nhập / Đăng xuất | E93: Vũ | G93: 2 | H93: 2 | I93: 2 | J93: 2 | K93: 2 | L93: 2 | M93: 2 | N93: 2 | O93: 2 | P93: 2 | Q93: 2 | R93: 2 | S93: 2 | T93: 2 | U93: 0 | V93: 0 | W93: 0
C94: Quản lý thông tin cá nhân | E94: Đức | G94: 2 | H94: 2 | I94: 2 | J94: 2 | K94: 2 | L94: 2 | M94: 2 | N94: 2 | O94: 2 | P94: 2 | Q94: 2 | R94: 2 | S94: 2 | T94: 2 | U94: 0 | V94: 0 | W94: 0
C95: Quản lý phân quyền | E95: Nguyên | G95: 2 | H95: 2 | I95: 2 | J95: 2 | K95: 2 | L95: 2 | M95: 2 | N95: 2 | O95: 2 | P95: 2 | Q95: 2 | R95: 2 | S95: 2 | T95: 2 | U95: 0 | V95: 0 | W95: 0
C96: Thêm thành viên vào nhóm gia đình | E96: Nhã | G96: 2 | H96: 2 | I96: 2 | J96: 2 | K96: 2 | L96: 2 | M96: 2 | N96: 2 | O96: 2 | P96: 2 | Q96: 2 | R96: 2 | S96: 2 | T96: 2 | U96: 0 | V96: 0 | W96: 0
C97: Tạo phòng và gia nhập phòng | E97: Tiên | G97: 2 | H97: 2 | I97: 2 | J97: 2 | K97: 2 | L97: 2 | M97: 2 | N97: 2 | O97: 2 | P97: 2 | Q97: 2 | R97: 2 | S97: 2 | T97: 2 | U97: 0 | V97: 0 | W97: 0
C98: Xóa thành viên khỏi nhóm gia đình | E98: Vũ | G98: 2 | H98: 2 | I98: 2 | J98: 2 | K98: 2 | L98: 2 | M98: 2 | N98: 2 | O98: 2 | P98: 2 | Q98: 2 | R98: 2 | S98: 2 | T98: 2 | U98: 0 | V98: 0 | W98: 0
C99: Thêm khoản thu | E99: Đức | G99: 2 | H99: 2 | I99: 2 | J99: 2 | K99: 2 | L99: 2 | M99: 2 | N99: 2 | O99: 2 | P99: 2 | Q99: 2 | R99: 2 | S99: 2 | T99: 2 | U99: 0 | V99: 0 | W99: 0
C100: Xem danh sách khoản thu | E100: Nguyên | G100: 2 | H100: 2 | I100: 2 | J100: 2 | K100: 2 | L100: 2 | M100: 2 | N100: 2 | O100: 2 | P100: 2 | Q100: 2 | R100: 2 | S100: 2 | T100: 2 | U100: 0 | V100: 0 | W100: 0
C101: Xem chi tiết khoản thu | E101: Nhã | G101: 2 | H101: 2 | I101: 2 | J101: 2 | K101: 2 | L101: 2 | M101: 2 | N101: 2 | O101: 2 | P101: 2 | Q101: 2 | R101: 2 | S101: 2 | T101: 2 | U101: 0 | V101: 0 | W101: 0
B102: Release Sprint 1 | C102: Sprint 1 review meeting | E102: All team | G102: =H102+V103 -> 5 | H102: 10 | I102: 10 | J102: 10 | K102: 10 | L102: 10 | M102: 10 | N102: 10 | O102: 10 | P102: 10 | Q102: 10 | R102: 10 | S102: 10 | T102: 10 | U102: 10 | V102: 0 | W102: 0
...

Sheet Sprint 2
A1: Project name: | C1: Xây dựng hệ thống quản lý tài chính gia đình | F1: Kết thúc đúng hạn
A2: Module name: | C2: Sprint 2 | F2: Muộn
A3: Start date: | C3: =I15 -> 46117 | F3: Trước thời hạn
A4: End date: | C4: =W15 -> 46131
B6: SPRINT 2 REPORT
B7: No | C7: Thành viên | D7: Thực tế | E7: Ước tính
B8: 1 | C8: Đức | D8: =SUMIF(E16:E107,"Đức",G16:G107)+SUMIF(E16:E107,"All team",G16:G107)/5 -> 46 | E8: =SUMIF(E16:E107,"Đức",H16:H107)+SUMIF(E16:E107,"All team",H16:H107)/5 -> 50
B9: 2 | C9: Tiên | D9: =SUMIF(E16:E107,"Tiên",G16:G107)+SUMIF(E16:E107,"All team",G16:G107)/5+SUMIF(E16:E107,"Tiên, Vũ",G16:G107)/2 -> 39 | E9: =SUMIF(E16:E107,"Tiên",H16:H107)+SUMIF(E16:E107,"All team",H16:H107)/5+SUMIF(E16:E107,"Tiên, Vũ",H16:H107)/2 -> 42
B10: 3 | C10: Vũ | D10: =SUMIF(E16:E107,"Vũ",G16:G107)+SUMIF(E16:E107,"All team",G16:G107)/5+SUMIF(E16:E107,"Tiên, Vũ",G16:G107)/2 -> 39 | E10: =SUMIF(E16:E107,"Vũ",H16:H107)+SUMIF(E16:E107,"All team",H16:H107)/5+SUMIF(E16:E107,"Tiên, Vũ",H16:H107)/2 -> 42
B11: 4 | C11: Nguyên | D11: =SUMIF(E16:E107,"Nguyên",G16:G107)+SUMIF(E16:E107,"All team",G16:G107)/5+SUMIF(E16:E107,"Nguyên, Nhã",G16:G107)/2 -> 46 | E11: =SUMIF(E16:E107,"Nguyên",H16:H107)+SUMIF(E16:E107,"All team",H16:H107)/5+SUMIF(E16:E107,"Nguyên, Nhã",H16:H107)/2 -> 48
B12: 5 | C12: Nhã | D12: =SUMIF(E16:E107,"Nhã",G16:G107)+SUMIF(E16:E107,"All team",G16:G107)/5+SUMIF(E16:E107,"Nguyên, Nhã",G16:G107)/2 -> 48 | E12: =SUMIF(E16:E107,"Nhã",H16:H107)+SUMIF(E16:E107,"All team",H16:H107)/5+SUMIF(E16:E107,"Nguyên, Nhã",H16:H107)/2 -> 46
B13: Tổng | D13: =SUM(D8:D12) -> 218 | E13: =SUM(E8:E12) -> 228
A15: Sprint | B15: Compoment | C15: Task name | E15: Responsible Member | G15: Thực tế | H15: Ước tính | I15: 46117 | J15: 46118 | K15: 46119 | L15: 46120 | M15: 46121 | N15: 46122 | O15: 46123 | P15: 46124 | Q15: 46125 | R15: 46126 | S15: 46127 | T15: 46128 | U15: 46129 | V15: 46130 | W15: 46131
A16: Sprint 2 | B16: Họp kế hoạch Sprint | E16: All team | G16: =H16-I16 -> 10 | H16: 10 | I16: 0 | J16: 0 | K16: 0 | L16: 0 | M16: 0 | N16: 0 | O16: 0 | P16: 0 | Q16: 0 | R16: 0 | S16: 0 | T16: 0 | U16: 0 | V16: 0 | W16: 0
B17: Tạo Sprint Backlog 2 | E17: Nguyên, Nhã | G17: 4 | H17: 4 | I17: 4 | J17: 0 | K17: 0 | L17: 0 | M17: 0 | N17: 0 | O17: 0 | P17: 0 | Q17: 0 | R17: 0 | S17: 0 | T17: 0 | U17: 0 | V17: 0 | W17: 0
B18: Tạo tài liệu kiểm thử cho Sprint | E18: Tiên, Vũ | G18: =H18-K18 -> 4 | H18: 4 | I18: 4 | J18: 0 | K18: 0 | L18: 0 | M18: 0 | N18: 0 | O18: 0 | P18: 0 | Q18: 0 | R18: 0 | S18: 0 | T18: 0 | U18: 0 | V18: 0 | W18: 0
B19: User interface design | C19: Sửa khoản thu | E19: Tiên | G19: =H19+K20 -> 1 | H19: 2 | I19: 2 | J19: 2 | K19: 0 | L19: 0 | M19: 0 | N19: 0 | O19: 0 | P19: 0 | Q19: 0 | R19: 0 | S19: 0 | T19: 0 | U19: 0 | V19: 0 | W19: 0
K20: -1
C21: Xóa khoản thu | E21: Vũ | G21: =H21+K22 -> 1 | H21: 2 | I21: 2 | J21: 2 | K21: 0 | L21: 0 | M21: 0 | N21: 0 | O21: 0 | P21: 0 | Q21: 0 | R21: 0 | S21: 0 | T21: 0 | U21: 0 | V21: 0 | W21: 0
K22: -1
C23: Phân loại thu chi | E23: Tiên | G23: 2 | H23: 2 | I23: 2 | J23: 2 | K23: 0 | L23: 0 | M23: 0 | N23: 0 | O23: 0 | P23: 0 | Q23: 0 | R23: 0 | S23: 0 | T23: 0 | U23: 0 | V23: 0 | W23: 0
C24: Nhập thu chi bằng giọng nói (AI) | E24: Nguyên | G24: 2 | H24: 2 | I24: 2 | J24: 2 | K24: 0 | L24: 0 | M24: 0 | N24: 0 | O24: 0 | P24: 0 | Q24: 0 | R24: 0 | S24: 0 | T24: 0 | U24: 0 | V24: 0 | W24: 0
C25: Thêm khoản chi | E25: Nhã | G25: 2 | H25: 2 | I25: 2 | J25: 2 | K25: 0 | L25: 0 | M25: 0 | N25: 0 | O25: 0 | P25: 0 | Q25: 0 | R25: 0 | S25: 0 | T25: 0 | U25: 0 | V25: 0 | W25: 0
C26: Xem danh sách khoản chi | E26: Tiên | G26: 2 | H26: 2 | I26: 2 | J26: 2 | K26: 0 | L26: 0 | M26: 0 | N26: 0 | O26: 0 | P26: 0 | Q26: 0 | R26: 0 | S26: 0 | T26: 0 | U26: 0 | V26: 0 | W26: 0
C27: Xem chi tiết khoản chi | E27: Vũ | G27: 2 | H27: 2 | I27: 2 | J27: 2 | K27: 0 | L27: 0 | M27: 0 | N27: 0 | O27: 0 | P27: 0 | Q27: 0 | R27: 0 | S27: 0 | T27: 0 | U27: 0 | V27: 0 | W27: 0
C28: Sửa khoản chi | E28: Vũ | G28: 2 | H28: 2 | I28: 2 | J28: 2 | K28: 0 | L28: 0 | M28: 0 | N28: 0 | O28: 0 | P28: 0 | Q28: 0 | R28: 0 | S28: 0 | T28: 0 | U28: 0 | V28: 0 | W28: 0
C29: Xóa khoản chi | E29: Vũ | G29: 2 | H29: 2 | I29: 2 | J29: 2 | K29: 0 | L29: 0 | M29: 0 | N29: 0 | O29: 0 | P29: 0 | Q29: 0 | R29: 0 | S29: 0 | T29: 0 | U29: 0 | V29: 0 | W29: 0
C30: Gắn thẻ (tag) cho khoản chi | E30: Nhã | G30: 2 | H30: 2 | I30: 2 | J30: 2 | K30: 0 | L30: 0 | M30: 0 | N30: 0 | O30: 0 | P30: 0 | Q30: 0 | R30: 0 | S30: 0 | T30: 0 | U30: 0 | V30: 0 | W30: 0
C31: Review all user interfaces of sprint 2 | E31: All team | G31: 10 | H31: 10 | I31: 10 | J31: 10 | K31: 0 | L31: 0 | M31: 0 | N31: 0 | O31: 0 | P31: 0 | Q31: 0 | R31: 0 | S31: 0 | T31: 0 | U31: 0 | V31: 0 | W31: 0
B32: Design test case | C32: Sửa khoản thu | E32: Tiên | G32: =H32+L33 -> 1 | H32: 2 | I32: 2 | J32: 2 | K32: 2 | L32: 0 | M32: 0 | N32: 0 | O32: 0 | P32: 0 | Q32: 0 | R32: 0 | S32: 0 | T32: 0 | U32: 0 | V32: 0 | W32: 0
L33: -1
C34: Xóa khoản thu | E34: Vũ | G34: =H34+L35 -> 1 | H34: 2 | I34: 2 | J34: 2 | K34: 2 | L34: 0 | M34: 0 | N34: 0 | O34: 0 | P34: 0 | Q34: 0 | R34: 0 | S34: 0 | T34: 0 | U34: 0 | V34: 0 | W34: 0
L35: -1
C36: Phân loại thu chi | E36: Tiên | G36: 2 | H36: 2 | I36: 2 | J36: 2 | K36: 2 | L36: 0 | M36: 0 | N36: 0 | O36: 0 | P36: 0 | Q36: 0 | R36: 0 | S36: 0 | T36: 0 | U36: 0 | V36: 0 | W36: 0
C37: Nhập thu chi bằng giọng nói (AI) | E37: Nguyên | G37: 2 | H37: 2 | I37: 2 | J37: 2 | K37: 2 | L37: 0 | M37: 0 | N37: 0 | O37: 0 | P37: 0 | Q37: 0 | R37: 0 | S37: 0 | T37: 0 | U37: 0 | V37: 0 | W37: 0
C38: Thêm khoản chi | E38: Nhã | G38: 2 | H38: 2 | I38: 2 | J38: 2 | K38: 2 | L38: 0 | M38: 0 | N38: 0 | O38: 0 | P38: 0 | Q38: 0 | R38: 0 | S38: 0 | T38: 0 | U38: 0 | V38: 0 | W38: 0
C39: Xem danh sách khoản chi | E39: Tiên | G39: 2 | H39: 2 | I39: 2 | J39: 2 | K39: 2 | L39: 0 | M39: 0 | N39: 0 | O39: 0 | P39: 0 | Q39: 0 | R39: 0 | S39: 0 | T39: 0 | U39: 0 | V39: 0 | W39: 0
C40: Xem chi tiết khoản chi | E40: Vũ | G40: 2 | H40: 2 | I40: 2 | J40: 2 | K40: 2 | L40: 0 | M40: 0 | N40: 0 | O40: 0 | P40: 0 | Q40: 0 | R40: 0 | S40: 0 | T40: 0 | U40: 0 | V40: 0 | W40: 0
C41: Sửa khoản chi | E41: Đức | G41: 2 | H41: 2 | I41: 2 | J41: 2 | K41: 2 | L41: 0 | M41: 0 | N41: 0 | O41: 0 | P41: 0 | Q41: 0 | R41: 0 | S41: 0 | T41: 0 | U41: 0 | V41: 0 | W41: 0
C42: Xóa khoản chi | E42: Nguyên | G42: 2 | H42: 2 | I42: 2 | J42: 2 | K42: 2 | L42: 0 | M42: 0 | N42: 0 | O42: 0 | P42: 0 | Q42: 0 | R42: 0 | S42: 0 | T42: 0 | U42: 0 | V42: 0 | W42: 0
C43: Gắn thẻ (tag) cho khoản chi | E43: Nhã | G43: 2 | H43: 2 | I43: 2 | J43: 2 | K43: 2 | L43: 0 | M43: 0 | N43: 0 | O43: 0 | P43: 0 | Q43: 0 | R43: 0 | S43: 0 | T43: 0 | U43: 0 | V43: 0 | W43: 0
C44: Review all test case of sprint 2 | E44: All team | G44: 10 | H44: 10 | I44: 10 | J44: 10 | K44: 10 | L44: 0 | M44: 0 | N44: 0 | O44: 0 | P44: 0 | Q44: 0 | R44: 0 | S44: 0 | T44: 0 | U44: 0 | V44: 0 | W44: 0
B45: Coding | C45: Front-End Sửa khoản thu | E45: Nhã | G45: =H45+M46 -> 3 | H45: 2 | I45: 2 | J45: 2 | K45: 2 | L45: 2 | M45: 0 | N45: 0 | O45: 0 | P45: 0 | Q45: 0 | R45: 0 | S45: 0 | T45: 0 | U45: 0 | V45: 0 | W45: 0
M46: 1
C47: Front-End Xóa khoản thu | E47: Tiên | G47: 2 | H47: 2 | I47: 2 | J47: 2 | K47: 2 | L47: 2 | M47: 0 | N47: 0 | O47: 0 | P47: 0 | Q47: 0 | R47: 0 | S47: 0 | T47: 0 | U47: 0 | V47: 0 | W47: 0
C48: Front-End Phân loại thu chi | E48: Vũ | G48: 2 | H48: 2 | I48: 2 | J48: 2 | K48: 2 | L48: 2 | M48: 0 | N48: 0 | O48: 0 | P48: 0 | Q48: 0 | R48: 0 | S48: 0 | T48: 0 | U48: 0 | V48: 0 | W48: 0
C49: Front-End Nhập thu chi bằng giọng nói (AI) | E49: Đức | G49: 2 | H49: 2 | I49: 2 | J49: 2 | K49: 2 | L49: 2 | M49: 0 | N49: 0 | O49: 0 | P49: 0 | Q49: 0 | R49: 0 | S49: 0 | T49: 0 | U49: 0 | V49: 0 | W49: 0
C50: Front-End Thêm khoản chi | E50: Nguyên | G50: 2 | H50: 2 | I50: 2 | J50: 2 | K50: 2 | L50: 2 | M50: 0 | N50: 0 | O50: 0 | P50: 0 | Q50: 0 | R50: 0 | S50: 0 | T50: 0 | U50: 0 | V50: 0 | W50: 0
C51: Front-End Xem danh sách khoản chi | E51: Nhã | G51: 2 | H51: 2 | I51: 2 | J51: 2 | K51: 2 | L51: 2 | M51: 2 | N51: 0 | O51: 0 | P51: 0 | Q51: 0 | R51: 0 | S51: 0 | T51: 0 | U51: 0 | V51: 0 | W51: 0
C52: Front-End Xem chi tiết khoản chi | E52: Tiên | G52: 2 | H52: 2 | I52: 2 | J52: 2 | K52: 2 | L52: 2 | M52: 2 | N52: 0 | O52: 0 | P52: 0 | Q52: 0 | R52: 0 | S52: 0 | T52: 0 | U52: 0 | V52: 0 | W52: 0
C53: Front-End Sửa khoản chi | E53: Vũ | G53: 2 | H53: 2 | I53: 2 | J53: 2 | K53: 2 | L53: 2 | M53: 2 | N53: 0 | O53: 0 | P53: 0 | Q53: 0 | R53: 0 | S53: 0 | T53: 0 | U53: 0 | V53: 0 | W53: 0
C54: Front-End Xóa khoản chi | E54: Đức | G54: =H54+N55 -> 1 | H54: 2 | I54: 2 | J54: 2 | K54: 2 | L54: 2 | M54: 2 | N54: 0 | O54: 0 | P54: 0 | Q54: 0 | R54: 0 | S54: 0 | T54: 0 | U54: 0 | V54: 0 | W54: 0
N55: -1
C56: Front-End Gắn thẻ (tag) cho khoản chi | E56: Nguyên | G56: 2 | H56: 2 | I56: 2 | J56: 2 | K56: 2 | L56: 2 | M56: 2 | N56: 0 | O56: 0 | P56: 0 | Q56: 0 | R56: 0 | S56: 0 | T56: 0 | U56: 0 | V56: 0 | W56: 0
N57: 1
C58: Back-End Sửa khoản thu | E58: Nhã | G58: =H58+P59 -> 5 | H58: 4 | I58: 4 | J58: 4 | K58: 4 | L58: 4 | M58: 4 | N58: 4 | O58: 4 | P58: 0 | Q58: 0 | R58: 0 | S58: 0 | T58: 0 | U58: 0 | V58: 0 | W58: 0
P59: 1
C60: Back-End Xóa khoản thu | E60: Đức | G60: 4 | H60: 4 | I60: 4 | J60: 4 | K60: 4 | L60: 4 | M60: 4 | N60: 4 | O60: 4 | P60: 0 | Q60: 0 | R60: 0 | S60: 0 | T60: 0 | U60: 0 | V60: 0 | W60: 0
C61: Back-End Phân loại thu chi | E61: Nguyên | G61: 4 | H61: 4 | I61: 4 | J61: 4 | K61: 4 | L61: 4 | M61: 4 | N61: 4 | O61: 4 | P61: 0 | Q61: 0 | R61: 0 | S61: 0 | T61: 0 | U61: 0 | V61: 0 | W61: 0
C62: Back-End Nhập thu chi bằng giọng nói (AI) | E62: Đức | G62: 4 | H62: 4 | I62: 4 | J62: 4 | K62: 4 | L62: 4 | M62: 4 | N62: 4 | O62: 4 | P62: 0 | Q62: 0 | R62: 0 | S62: 0 | T62: 0 | U62: 0 | V62: 0 | W62: 0
C63: Back-End Thêm khoản chi | E63: Nguyên | G63: 4 | H63: 4 | I63: 4 | J63: 4 | K63: 4 | L63: 4 | M63: 4 | N63: 4 | O63: 4 | P63: 0 | Q63: 0 | R63: 0 | S63: 0 | T63: 0 | U63: 0 | V63: 0 | W63: 0
C64: Back-End Xem danh sách khoản chi | E64: Nhã | G64: =H64+R65 -> 5 | H64: 4 | I64: 4 | J64: 4 | K64: 4 | L64: 4 | M64: 4 | N64: 4 | O64: 4 | P64: 4 | Q64: 4 | R64: 0 | S64: 0 | T64: 0 | U64: 0 | V64: 0 | W64: 0
R65: 1
C66: Back-End Xem chi tiết khoản chi | E66: Đức | G66: 4 | H66: 4 | I66: 4 | J66: 4 | K66: 4 | L66: 4 | M66: 4 | N66: 4 | O66: 4 | P66: 4 | Q66: 4 | R66: 0 | S66: 0 | T66: 0 | U66: 0 | V66: 0 | W66: 0
C67: Back-End Sửa khoản chi | E67: Đức | G67: 4 | H67: 4 | I67: 4 | J67: 4 | K67: 4 | L67: 4 | M67: 4 | N67: 4 | O67: 4 | P67: 4 | Q67: 4 | R67: 0 | S67: 0 | T67: 0 | U67: 0 | V67: 0 | W67: 0
C68: Back-End Xóa khoản chi | E68: Đức | G68: =H68+R69 -> 3 | H68: 4 | I68: 4 | J68: 4 | K68: 4 | L68: 4 | M68: 4 | N68: 4 | O68: 4 | P68: 4 | Q68: 4 | R68: 0 | S68: 0 | T68: 0 | U68: 0 | V68: 0 | W68: 0
R69: -1
C70: Back-End Gắn thẻ (tag) cho khoản chi | E70: Nguyên | G70: 4 | H70: 4 | I70: 4 | J70: 4 | K70: 4 | L70: 4 | M70: 4 | N70: 4 | O70: 4 | P70: 4 | Q70: 4 | R70: 0 | S70: 0 | T70: 0 | U70: 0 | V70: 0 | W70: 0
R71: 1
C72: Integrate Code | E72: All team | G72: 10 | H72: 10 | I72: 10 | J72: 10 | K72: 10 | L72: 10 | M72: 10 | N72: 10 | O72: 10 | P72: 10 | Q72: 10 | R72: 0 | S72: 0 | T72: 0 | U72: 0 | V72: 0 | W72: 0
B73: Testing | C73: Sửa khoản thu | E73: Tiên | G73: 2 | H73: 2 | I73: 2 | J73: 2 | K73: 2 | L73: 2 | M73: 2 | N73: 2 | O73: 2 | P73: 2 | Q73: 2 | R73: 2 | S73: 0 | T73: 0 | U73: 0 | V73: 0 | W73: 0
C74: Xóa khoản thu | E74: Vũ | G74: 2 | H74: 2 | I74: 2 | J74: 2 | K74: 2 | L74: 2 | M74: 2 | N74: 2 | O74: 2 | P74: 2 | Q74: 2 | R74: 2 | S74: 0 | T74: 0 | U74: 0 | V74: 0 | W74: 0
C75: Phân loại thu chi | E75: Đức | G75: 2 | H75: 2 | I75: 2 | J75: 2 | K75: 2 | L75: 2 | M75: 2 | N75: 2 | O75: 2 | P75: 2 | Q75: 2 | R75: 2 | S75: 0 | T75: 0 | U75: 0 | V75: 0 | W75: 0
C76: Nhập thu chi bằng giọng nói (AI) | E76: Nguyên | G76: 2 | H76: 2 | I76: 2 | J76: 2 | K76: 2 | L76: 2 | M76: 2 | N76: 2 | O76: 2 | P76: 2 | Q76: 2 | R76: 2 | S76: 0 | T76: 0 | U76: 0 | V76: 0 | W76: 0
C77: Thêm khoản chi | E77: Nhã | G77: 2 | H77: 2 | I77: 2 | J77: 2 | K77: 2 | L77: 2 | M77: 2 | N77: 2 | O77: 2 | P77: 2 | Q77: 2 | R77: 2 | S77: 0 | T77: 0 | U77: 0 | V77: 0 | W77: 0
C78: Xem danh sách khoản chi | E78: Tiên | G78: 2 | H78: 2 | I78: 2 | J78: 2 | K78: 2 | L78: 2 | M78: 2 | N78: 2 | O78: 2 | P78: 2 | Q78: 2 | R78: 2 | S78: 0 | T78: 0 | U78: 0 | V78: 0 | W78: 0
C79: Xem chi tiết khoản chi | E79: Vũ | G79: 2 | H79: 2 | I79: 2 | J79: 2 | K79: 2 | L79: 2 | M79: 2 | N79: 2 | O79: 2 | P79: 2 | Q79: 2 | R79: 2 | S79: 0 | T79: 0 | U79: 0 | V79: 0 | W79: 0
C80: Sửa khoản chi | E80: Đức | G80: 2 | H80: 2 | I80: 2 | J80: 2 | K80: 2 | L80: 2 | M80: 2 | N80: 2 | O80: 2 | P80: 2 | Q80: 2 | R80: 2 | S80: 0 | T80: 0 | U80: 0 | V80: 0 | W80: 0
C81: Xóa khoản chi | E81: Nguyên | G81: 2 | H81: 2 | I81: 2 | J81: 2 | K81: 2 | L81: 2 | M81: 2 | N81: 2 | O81: 2 | P81: 2 | Q81: 2 | R81: 2 | S81: 0 | T81: 0 | U81: 0 | V81: 0 | W81: 0
C82: Gắn thẻ (tag) cho khoản chi | E82: Nhã | G82: 2 | H82: 2 | I82: 2 | J82: 2 | K82: 2 | L82: 2 | M82: 2 | N82: 2 | O82: 2 | P82: 2 | Q82: 2 | R82: 2 | S82: 0 | T82: 0 | U82: 0 | V82: 0 | W82: 0
B83: Fix Bug | C83: Sửa khoản thu | E83: Nhã | G83: 2 | H83: 2 | I83: 2 | J83: 2 | K83: 2 | L83: 2 | M83: 2 | N83: 2 | O83: 2 | P83: 2 | Q83: 2 | R83: 2 | S83: 2 | T83: 0 | U83: 0 | V83: 0 | W83: 0
C84: Xóa khoản thu | E84: Tiên | G84: 2 | H84: 2 | I84: 2 | J84: 2 | K84: 2 | L84: 2 | M84: 2 | N84: 2 | O84: 2 | P84: 2 | Q84: 2 | R84: 2 | S84: 2 | T84: 0 | U84: 0 | V84: 0 | W84: 0
C85: Phân loại thu chi | E85: Vũ | G85: 2 | H85: 2 | I85: 2 | J85: 2 | K85: 2 | L85: 2 | M85: 2 | N85: 2 | O85: 2 | P85: 2 | Q85: 2 | R85: 2 | S85: 2 | T85: 0 | U85: 0 | V85: 0 | W85: 0
C86: Nhập thu chi bằng giọng nói (AI) | E86: Đức | G86: 2 | H86: 2 | I86: 2 | J86: 2 | K86: 2 | L86: 2 | M86: 2 | N86: 2 | O86: 2 | P86: 2 | Q86: 2 | R86: 2 | S86: 2 | T86: 0 | U86: 0 | V86: 0 | W86: 0
C87: Thêm khoản chi | E87: Nguyên | G87: 2 | H87: 2 | I87: 2 | J87: 2 | K87: 2 | L87: 2 | M87: 2 | N87: 2 | O87: 2 | P87: 2 | Q87: 2 | R87: 2 | S87: 2 | T87: 0 | U87: 0 | V87: 0 | W87: 0
C88: Xem danh sách khoản chi | E88: Nhã | G88: 2 | H88: 2 | I88: 2 | J88: 2 | K88: 2 | L88: 2 | M88: 2 | N88: 2 | O88: 2 | P88: 2 | Q88: 2 | R88: 2 | S88: 2 | T88: 0 | U88: 0 | V88: 0 | W88: 0
C89: Xem chi tiết khoản chi | E89: Tiên | G89: 2 | H89: 2 | I89: 2 | J89: 2 | K89: 2 | L89: 2 | M89: 2 | N89: 2 | O89: 2 | P89: 2 | Q89: 2 | R89: 2 | S89: 2 | T89: 0 | U89: 0 | V89: 0 | W89: 0
C90: Sửa khoản chi | E90: Vũ | G90: 2 | H90: 2 | I90: 2 | J90: 2 | K90: 2 | L90: 2 | M90: 2 | N90: 2 | O90: 2 | P90: 2 | Q90: 2 | R90: 2 | S90: 2 | T90: 0 | U90: 0 | V90: 0 | W90: 0
C91: Xóa khoản chi | E91: Đức | G91: =H91+T92 -> 1 | H91: 2 | I91: 2 | J91: 2 | K91: 2 | L91: 2 | M91: 2 | N91: 2 | O91: 2 | P91: 2 | Q91: 2 | R91: 2 | S91: 2 | T91: 0 | U91: 0 | V91: 0 | W91: 0
T92: -1
C93: Gắn thẻ (tag) cho khoản chi | E93: Nguyên | G93: =H93+T94 -> 1 | H93: 2 | I93: 2 | J93: 2 | K93: 2 | L93: 2 | M93: 2 | N93: 2 | O93: 2 | P93: 2 | Q93: 2 | R93: 2 | S93: 2 | T93: 0 | U93: 0 | V93: 0 | W93: 0
T94: -1
B95: Re-testing | C95: Sửa khoản thu | E95: Vũ | G95: 2 | H95: 2 | I95: 2 | J95: 2 | K95: 2 | L95: 2 | M95: 2 | N95: 2 | O95: 2 | P95: 2 | Q95: 2 | R95: 2 | S95: 2 | T95: 2 | U95: 0 | V95: 0 | W95: 0
C96: Xóa khoản thu | E96: Đức | G96: 2 | H96: 2 | I96: 2 | J96: 2 | K96: 2 | L96: 2 | M96: 2 | N96: 2 | O96: 2 | P96: 2 | Q96: 2 | R96: 2 | S96: 2 | T96: 2 | U96: 0 | V96: 0 | W96: 0
C97: Phân loại thu chi | E97: Nguyên | G97: 2 | H97: 2 | I97: 2 | J97: 2 | K97: 2 | L97: 2 | M97: 2 | N97: 2 | O97: 2 | P97: 2 | Q97: 2 | R97: 2 | S97: 2 | T97: 2 | U97: 0 | V97: 0 | W97: 0
C98: Nhập thu chi bằng giọng nói (AI) | E98: Nhã | G98: 2 | H98: 2 | I98: 2 | J98: 2 | K98: 2 | L98: 2 | M98: 2 | N98: 2 | O98: 2 | P98: 2 | Q98: 2 | R98: 2 | S98: 2 | T98: 2 | U98: 0 | V98: 0 | W98: 0
C99: Thêm khoản chi | E99: Tiên | G99: 2 | H99: 2 | I99: 2 | J99: 2 | K99: 2 | L99: 2 | M99: 2 | N99: 2 | O99: 2 | P99: 2 | Q99: 2 | R99: 2 | S99: 2 | T99: 2 | U99: 0 | V99: 0 | W99: 0
C100: Xem danh sách khoản chi | E100: Vũ | G100: 2 | H100: 2 | I100: 2 | J100: 2 | K100: 2 | L100: 2 | M100: 2 | N100: 2 | O100: 2 | P100: 2 | Q100: 2 | R100: 2 | S100: 2 | T100: 2 | U100: 0 | V100: 0 | W100: 0
C101: Xem chi tiết khoản chi | E101: Đức | G101: 2 | H101: 2 | I101: 2 | J101: 2 | K101: 2 | L101: 2 | M101: 2 | N101: 2 | O101: 2 | P101: 2 | Q101: 2 | R101: 2 | S101: 2 | T101: 2 | U101: 0 | V101: 0 | W101: 0
C102: Sửa khoản chi | E102: Nguyên | G102: 2 | H102: 2 | I102: 2 | J102: 2 | K102: 2 | L102: 2 | M102: 2 | N102: 2 | O102: 2 | P102: 2 | Q102: 2 | R102: 2 | S102: 2 | T102: 2 | U102: 0 | V102: 0 | W102: 0
...

Sheet Sprint 3
A1: Project name: | C1: Xây dựng hệ thống quản lý tài chính gia đình | F1: Kết thúc đúng hạn
A2: Module name: | C2: Sprint 3 | F2: Muộn
A3: Start date: | C3: =I15 -> 46132 | F3: Trước thời hạn
A4: End date: | C4: =W15 -> 46146
B6: SPRINT 3 REPORT
B7: No | C7: Thành viên | D7: Thực tế | E7: Ước tính
B8: 1 | C8: Đức | D8: =SUMIF(E16:E98,"Đức",G16:G98)+SUMIF(E16:E98,"All team",G16:G98)/5 -> 55 | E8: =SUMIF(E16:E98,"Đức",H16:H98)+SUMIF(E16:E98,"All team",H16:H98)/5 -> 60
B9: 2 | C9: Tiên | D9: =SUMIF(E16:E98,"Tiên",G16:G98)+SUMIF(E16:E98,"All team",G16:G98)/5+SUMIF(E16:E98,"Tiên, Vũ",G16:G98)/2 -> 33 | E9: =SUMIF(E16:E98,"Tiên",H16:H98)+SUMIF(E16:E98,"All team",H16:H98)/5+SUMIF(E16:E98,"Tiên, Vũ",H16:H98)/2 -> 40
B10: 3 | C10: Vũ | D10: =SUMIF(E16:E98,"Vũ",G16:G98)+SUMIF(E16:E98,"All team",G16:G98)/5+SUMIF(E16:E98,"Tiên, Vũ",G16:G98)/2 -> 39 | E10: =SUMIF(E16:E98,"Vũ",H16:H98)+SUMIF(E16:E98,"All team",H16:H98)/5+SUMIF(E16:E98,"Tiên, Vũ",H16:H98)/2 -> 42
B11: 4 | C11: Nguyên | D11: =SUMIF(E16:E98,"Nguyên",G16:G98)+SUMIF(E16:E98,"All team",G16:G98)/5+SUMIF(E16:E98,"Nguyên, Nhã",G16:G98)/2 -> 62 | E11: =SUMIF(E16:E98,"Nguyên",H16:H98)+SUMIF(E16:E98,"All team",H16:H98)/5+SUMIF(E16:E98,"Nguyên, Nhã",H16:H98)/2 -> 60
B12: 5 | C12: Nhã | D12: =SUMIF(E16:E98,"Nhã",G16:G98)+SUMIF(E16:E98,"All team",G16:G98)/5+SUMIF(E16:E98,"Nguyên, Nhã",G16:G98)/2 -> 34 | E12: =SUMIF(E16:E98,"Nhã",H16:H98)+SUMIF(E16:E98,"All team",H16:H98)/5+SUMIF(E16:E98,"Nguyên, Nhã",H16:H98)/2 -> 36
B13: Tổng | D13: =SUM(D8:D12) -> 223 | E13: =SUM(E8:E12) -> 238
A15: Sprint | B15: Compoment | C15: Task name | E15: Responsible Member | G15: Thực tế | H15: Ước tính | I15: 46132 | J15: 46133 | K15: 46134 | L15: 46135 | M15: 46136 | N15: 46137 | O15: 46138 | P15: 46139 | Q15: 46140 | R15: 46141 | S15: 46142 | T15: 46143 | U15: 46144 | V15: 46145 | W15: 46146
A16: Sprint 1 | B16: Họp kế hoạch Sprint | E16: All team | G16: =H16-I16 -> 10 | H16: 10 | I16: 0 | J16: 0 | K16: 0 | L16: 0 | M16: 0 | N16: 0 | O16: 0 | P16: 0 | Q16: 0 | R16: 0 | S16: 0 | T16: 0 | U16: 0 | V16: 0 | W16: 0
B17: Tạo Sprint Backlog 3 | E17: Nguyên, Nhã | G17: 4 | H17: 4 | I17: 4 | J17: 0 | K17: 0 | L17: 0 | M17: 0 | N17: 0 | O17: 0 | P17: 0 | Q17: 0 | R17: 0 | S17: 0 | T17: 0 | U17: 0 | V17: 0 | W17: 0
B18: Tạo tài liệu kiểm thử cho Sprint | E18: Tiên, Vũ | G18: =H18-K18 -> 4 | H18: 4 | I18: 4 | J18: 0 | K18: 0 | L18: 0 | M18: 0 | N18: 0 | O18: 0 | P18: 0 | Q18: 0 | R18: 0 | S18: 0 | T18: 0 | U18: 0 | V18: 0 | W18: 0
B19: User interface design | C19: Báo cáo & Thống kê | E19: Tiên | G19: 2 | H19: 2 | I19: 2 | J19: 2 | K19: 0 | L19: 0 | M19: 0 | N19: 0 | O19: 0 | P19: 0 | Q19: 0 | R19: 0 | S19: 0 | T19: 0 | U19: 0 | V19: 0 | W19: 0
C20: Phân tích tài chính (AI) | E20: Vũ | G20: 2 | H20: 2 | I20: 2 | J20: 2 | K20: 0 | L20: 0 | M20: 0 | N20: 0 | O20: 0 | P20: 0 | Q20: 0 | R20: 0 | S20: 0 | T20: 0 | U20: 0 | V20: 0 | W20: 0
C21: Cảnh báo tài chính | E21: Đức | G21: 2 | H21: 2 | I21: 2 | J21: 2 | K21: 0 | L21: 0 | M21: 0 | N21: 0 | O21: 0 | P21: 0 | Q21: 0 | R21: 0 | S21: 0 | T21: 0 | U21: 0 | V21: 0 | W21: 0
C22: Quản lý ngân sách | E22: Nguyên | G22: =H22+K23 -> 3 | H22: 2 | I22: 2 | J22: 2 | K22: 0 | L22: 0 | M22: 0 | N22: 0 | O22: 0 | P22: 0 | Q22: 0 | R22: 0 | S22: 0 | T22: 0 | U22: 0 | V22: 0 | W22: 0
K23: 1
C24: Quản lý kế hoạch tài chính | E24: Nhã | G24: 2 | H24: 2 | I24: 2 | J24: 2 | K24: 0 | L24: 0 | M24: 0 | N24: 0 | O24: 0 | P24: 0 | Q24: 0 | R24: 0 | S24: 0 | T24: 0 | U24: 0 | V24: 0 | W24: 0
C25: Thông báo & nhắc nhở | E25: Tiên | G25: 2 | H25: 2 | I25: 2 | J25: 2 | K25: 0 | L25: 0 | M25: 0 | N25: 0 | O25: 0 | P25: 0 | Q25: 0 | R25: 0 | S25: 0 | T25: 0 | U25: 0 | V25: 0 | W25: 0
C26: Tìm kiếm & lọc dữ liệu | E26: Vũ | G26: 2 | H26: 2 | I26: 2 | J26: 2 | K26: 0 | L26: 0 | M26: 0 | N26: 0 | O26: 0 | P26: 0 | Q26: 0 | R26: 0 | S26: 0 | T26: 0 | U26: 0 | V26: 0 | W26: 0
C27: Quản lý tài khoản người dùng (Admin) | E27: Tiên | G27: 2 | H27: 2 | I27: 2 | J27: 2 | K27: 0 | L27: 0 | M27: 0 | N27: 0 | O27: 0 | P27: 0 | Q27: 0 | R27: 0 | S27: 0 | T27: 0 | U27: 0 | V27: 0 | W27: 0
C28: Quản lý danh mục (Admin) | E28: Nhã | G28: 2 | H28: 2 | I28: 2 | J28: 2 | K28: 0 | L28: 0 | M28: 0 | N28: 0 | O28: 0 | P28: 0 | Q28: 0 | R28: 0 | S28: 0 | T28: 0 | U28: 0 | V28: 0 | W28: 0
C29: Review all user interfaces of sprint 3 | E29: All team | G29: =H29+K30 -> 5 | H29: 10 | I29: 10 | J29: 10 | K29: 0 | L29: 0 | M29: 0 | N29: 0 | O29: 0 | P29: 0 | Q29: 0 | R29: 0 | S29: 0 | T29: 0 | U29: 0 | V29: 0 | W29: 0
K30: -5
B31: Design test case | C31: Báo cáo & Thống kê | E31: Tiên | G31: =H31+L32 -> 1 | H31: 2 | I31: 2 | J31: 2 | K31: 2 | L31: 0 | M31: 0 | N31: 0 | O31: 0 | P31: 0 | Q31: 0 | R31: 0 | S31: 0 | T31: 0 | U31: 0 | V31: 0 | W31: 0
L32: -1
C33: Phân tích tài chính (AI) | E33: Vũ | G33: 2 | H33: 2 | I33: 2 | J33: 2 | K33: 2 | L33: 0 | M33: 0 | N33: 0 | O33: 0 | P33: 0 | Q33: 0 | R33: 0 | S33: 0 | T33: 0 | U33: 0 | V33: 0 | W33: 0
C34: Cảnh báo tài chính | E34: Đức | G34: 2 | H34: 2 | I34: 2 | J34: 2 | K34: 2 | L34: 0 | M34: 0 | N34: 0 | O34: 0 | P34: 0 | Q34: 0 | R34: 0 | S34: 0 | T34: 0 | U34: 0 | V34: 0 | W34: 0
C35: Quản lý ngân sách | E35: Nguyên | G35: 2 | H35: 2 | I35: 2 | J35: 2 | K35: 2 | L35: 0 | M35: 0 | N35: 0 | O35: 0 | P35: 0 | Q35: 0 | R35: 0 | S35: 0 | T35: 0 | U35: 0 | V35: 0 | W35: 0
C36: Quản lý kế hoạch tài chính | E36: Nhã | G36: 2 | H36: 2 | I36: 2 | J36: 2 | K36: 2 | L36: 0 | M36: 0 | N36: 0 | O36: 0 | P36: 0 | Q36: 0 | R36: 0 | S36: 0 | T36: 0 | U36: 0 | V36: 0 | W36: 0
C37: Thông báo & nhắc nhở | E37: Tiên | G37: 2 | H37: 2 | I37: 2 | J37: 2 | K37: 2 | L37: 0 | M37: 0 | N37: 0 | O37: 0 | P37: 0 | Q37: 0 | R37: 0 | S37: 0 | T37: 0 | U37: 0 | V37: 0 | W37: 0
C38: Tìm kiếm & lọc dữ liệu | E38: Vũ | G38: 2 | H38: 2 | I38: 2 | J38: 2 | K38: 2 | L38: 0 | M38: 0 | N38: 0 | O38: 0 | P38: 0 | Q38: 0 | R38: 0 | S38: 0 | T38: 0 | U38: 0 | V38: 0 | W38: 0
C39: Quản lý tài khoản người dùng (Admin) | E39: Đức | G39: 2 | H39: 2 | I39: 2 | J39: 2 | K39: 2 | L39: 0 | M39: 0 | N39: 0 | O39: 0 | P39: 0 | Q39: 0 | R39: 0 | S39: 0 | T39: 0 | U39: 0 | V39: 0 | W39: 0
C40: Quản lý danh mục (Admin) | E40: Nhã | G40: 2 | H40: 2 | I40: 2 | J40: 2 | K40: 2 | L40: 0 | M40: 0 | N40: 0 | O40: 0 | P40: 0 | Q40: 0 | R40: 0 | S40: 0 | T40: 0 | U40: 0 | V40: 0 | W40: 0
C41: Review all test case of sprint 3 | E41: All team | G41: =H41+L42 -> 5 | H41: 10 | I41: 10 | J41: 10 | K41: 10 | L41: 0 | M41: 0 | N41: 0 | O41: 0 | P41: 0 | Q41: 0 | R41: 0 | S41: 0 | T41: 0 | U41: 0 | V41: 0 | W41: 0
L42: -5
B43: Coding | C43: Front-End Báo cáo & Thống kê | E43: Nguyên | G43: 4 | H43: 4 | I43: 4 | J43: 4 | K43: 4 | L43: 4 | M43: 4 | N43: 0 | O43: 0 | P43: 0 | Q43: 0 | R43: 0 | S43: 0 | T43: 0 | U43: 0 | V43: 0 | W43: 0
C44: Front-End Phân tích tài chính (AI) | E44: Vũ | G44: =H44+N45 -> 5 | H44: 4 | I44: 4 | J44: 4 | K44: 4 | L44: 4 | M44: 4 | N44: 0 | O44: 0 | P44: 0 | Q44: 0 | R44: 0 | S44: 0 | T44: 0 | U44: 0 | V44: 0 | W44: 0
N45: 1
C46: Front-End Cảnh báo tài chính | E46: Đức | G46: 4 | H46: 4 | I46: 4 | J46: 4 | K46: 4 | L46: 4 | M46: 4 | N46: 0 | O46: 0 | P46: 0 | Q46: 0 | R46: 0 | S46: 0 | T46: 0 | U46: 0 | V46: 0 | W46: 0
C47: Front-End Quản lý ngân sách | E47: Nguyên | G47: =H47+N48 -> 5 | H47: 4 | I47: 4 | J47: 4 | K47: 4 | L47: 4 | M47: 4 | N47: 0 | O47: 0 | P47: 0 | Q47: 0 | R47: 0 | S47: 0 | T47: 0 | U47: 0 | V47: 0 | W47: 0
N48: 1
C49: Front-End Quản lý kế hoạch tài chính | E49: Nhã | G49: 4 | H49: 4 | I49: 4 | J49: 4 | K49: 4 | L49: 4 | M49: 4 | N49: 0 | O49: 0 | P49: 0 | Q49: 0 | R49: 0 | S49: 0 | T49: 0 | U49: 0 | V49: 0 | W49: 0
C50: Front-End Thông báo & nhắc nhở | E50: Tiên | G50: 4 | H50: 4 | I50: 4 | J50: 4 | K50: 4 | L50: 4 | M50: 4 | N50: 0 | O50: 0 | P50: 0 | Q50: 0 | R50: 0 | S50: 0 | T50: 0 | U50: 0 | V50: 0 | W50: 0
C51: Front-End Tìm kiếm & lọc dữ liệu | E51: Vũ | G51: 4 | H51: 4 | I51: 4 | J51: 4 | K51: 4 | L51: 4 | M51: 4 | N51: 0 | O51: 0 | P51: 0 | Q51: 0 | R51: 0 | S51: 0 | T51: 0 | U51: 0 | V51: 0 | W51: 0
C52: Front-End Quản lý tài khoản người dùng (Admin) | E52: Đức | G52: 4 | H52: 4 | I52: 4 | J52: 4 | K52: 4 | L52: 4 | M52: 4 | N52: 0 | O52: 0 | P52: 0 | Q52: 0 | R52: 0 | S52: 0 | T52: 0 | U52: 0 | V52: 0 | W52: 0
C53: Front-End Quản lý danh mục (Admin) | E53: Nguyên | G53: 4 | H53: 4 | I53: 4 | J53: 4 | K53: 4 | L53: 4 | M53: 4 | N53: 0 | O53: 0 | P53: 0 | Q53: 0 | R53: 0 | S53: 0 | T53: 0 | U53: 0 | V53: 0 | W53: 0
C54: Back-End Báo cáo & Thống kê | E54: Đức | G54: 8 | H54: 8 | I54: 8 | J54: 8 | K54: 8 | L54: 8 | M54: 8 | N54: 8 | O54: 8 | P54: 8 | Q54: 8 | R54: 0 | S54: 0 | T54: 0 | U54: 0 | V54: 0 | W54: 0
C55: Back-End Phân tích tài chính (AI) | E55: Nguyên | G55: =H55+R56 -> 10 | H55: 8 | I55: 8 | J55: 8 | K55: 8 | L55: 8 | M55: 8 | N55: 8 | O55: 8 | P55: 8 | Q55: 8 | R55: 0 | S55: 0 | T55: 0 | U55: 0 | V55: 0 | W55: 0
R56: 2
C57: Back-End Cảnh báo tài chính | E57: Đức | G57: 8 | H57: 8 | I57: 8 | J57: 8 | K57: 8 | L57: 8 | M57: 8 | N57: 8 | O57: 8 | P57: 8 | Q57: 8 | R57: 0 | S57: 0 | T57: 0 | U57: 0 | V57: 0 | W57: 0
C58: Back-End Quản lý ngân sách | E58: Nguyên | G58: =H58+R59 -> 6 | H58: 4 | I58: 4 | J58: 4 | K58: 4 | L58: 4 | M58: 4 | N58: 4 | O58: 4 | P58: 4 | Q58: 4 | R58: 0 | S58: 0 | T58: 0 | U58: 0 | V58: 0 | W58: 0
R59: 2
C60: Back-End Quản lý kế hoạch tài chính | E60: Nhã | G60: =H60+R61 -> 6 | H60: 4 | I60: 4 | J60: 4 | K60: 4 | L60: 4 | M60: 4 | N60: 4 | O60: 4 | P60: 4 | Q60: 4 | R60: 0 | S60: 0 | T60: 0 | U60: 0 | V60: 0 | W60: 0
R61: 2
C62: Back-End Thông báo & nhắc nhở | E62: Đức | G62: 4 | H62: 4 | I62: 4 | J62: 4 | K62: 4 | L62: 4 | M62: 4 | N62: 4 | O62: 4 | P62: 4 | Q62: 4 | R62: 0 | S62: 0 | T62: 0 | U62: 0 | V62: 0 | W62: 0
C63: Back-End Tìm kiếm & lọc dữ liệu | E63: Nguyên | G63: 4 | H63: 4 | I63: 4 | J63: 4 | K63: 4 | L63: 4 | M63: 4 | N63: 4 | O63: 4 | P63: 4 | Q63: 4 | R63: 0 | S63: 0 | T63: 0 | U63: 0 | V63: 0 | W63: 0
C64: Back-End Quản lý tài khoản người dùng (Admin) | E64: Đức | G64: 2 | H64: 2 | I64: 2 | J64: 2 | K64: 2 | L64: 2 | M64: 2 | N64: 2 | O64: 2 | P64: 2 | Q64: 2 | R64: 0 | S64: 0 | T64: 0 | U64: 0 | V64: 0 | W64: 0
C65: Back-End Quản lý danh mục (Admin) | E65: Nguyên | G65: 2 | H65: 2 | I65: 2 | J65: 2 | K65: 2 | L65: 2 | M65: 2 | N65: 2 | O65: 2 | P65: 2 | Q65: 2 | R65: 0 | S65: 0 | T65: 0 | U65: 0 | V65: 0 | W65: 0
C66: Integrate Code | E66: All team | G66: 10 | H66: 10 | I66: 10 | J66: 10 | K66: 10 | L66: 10 | M66: 10 | N66: 10 | O66: 10 | P66: 10 | Q66: 10 | R66: 0 | S66: 0 | T66: 0 | U66: 0 | V66: 0 | W66: 0
B67: Testing | C67: Báo cáo & Thống kê | E67: Tiên | G67: =H67+S68 -> 1 | H67: 2 | I67: 2 | J67: 2 | K67: 2 | L67: 2 | M67: 2 | N67: 2 | O67: 2 | P67: 2 | Q67: 2 | R67: 2 | S67: 0 | T67: 0 | U67: 0 | V67: 0 | W67: 0
S68: -1
C69: Phân tích tài chính (AI) | E69: Vũ | G69: 2 | H69: 2 | I69: 2 | J69: 2 | K69: 2 | L69: 2 | M69: 2 | N69: 2 | O69: 2 | P69: 2 | Q69: 2 | R69: 2 | S69: 0 | T69: 0 | U69: 0 | V69: 0 | W69: 0
C70: Cảnh báo tài chính | E70: Đức | G70: 2 | H70: 2 | I70: 2 | J70: 2 | K70: 2 | L70: 2 | M70: 2 | N70: 2 | O70: 2 | P70: 2 | Q70: 2 | R70: 2 | S70: 0 | T70: 0 | U70: 0 | V70: 0 | W70: 0
C71: Quản lý ngân sách | E71: Nguyên | G71: 2 | H71: 2 | I71: 2 | J71: 2 | K71: 2 | L71: 2 | M71: 2 | N71: 2 | O71: 2 | P71: 2 | Q71: 2 | R71: 2 | S71: 0 | T71: 0 | U71: 0 | V71: 0 | W71: 0
C72: Quản lý kế hoạch tài chính | E72: Nhã | G72: 2 | H72: 2 | I72: 2 | J72: 2 | K72: 2 | L72: 2 | M72: 2 | N72: 2 | O72: 2 | P72: 2 | Q72: 2 | R72: 2 | S72: 0 | T72: 0 | U72: 0 | V72: 0 | W72: 0
C73: Thông báo & nhắc nhở | E73: Tiên | G73: 2 | H73: 2 | I73: 2 | J73: 2 | K73: 2 | L73: 2 | M73: 2 | N73: 2 | O73: 2 | P73: 2 | Q73: 2 | R73: 2 | S73: 0 | T73: 0 | U73: 0 | V73: 0 | W73: 0
C74: Tìm kiếm & lọc dữ liệu | E74: Vũ | G74: 2 | H74: 2 | I74: 2 | J74: 2 | K74: 2 | L74: 2 | M74: 2 | N74: 2 | O74: 2 | P74: 2 | Q74: 2 | R74: 2 | S74: 0 | T74: 0 | U74: 0 | V74: 0 | W74: 0
C75: Quản lý tài khoản người dùng (Admin) | E75: Đức | G75: 2 | H75: 2 | I75: 2 | J75: 2 | K75: 2 | L75: 2 | M75: 2 | N75: 2 | O75: 2 | P75: 2 | Q75: 2 | R75: 2 | S75: 0 | T75: 0 | U75: 0 | V75: 0 | W75: 0
C76: Quản lý danh mục (Admin) | E76: Nguyên | G76: 2 | H76: 2 | I76: 2 | J76: 2 | K76: 2 | L76: 2 | M76: 2 | N76: 2 | O76: 2 | P76: 2 | Q76: 2 | R76: 2 | S76: 0 | T76: 0 | U76: 0 | V76: 0 | W76: 0
B77: Fix Bug | C77: Báo cáo & Thống kê | E77: Tiên | G77: 2 | H77: 2 | I77: 2 | J77: 2 | K77: 2 | L77: 2 | M77: 2 | N77: 2 | O77: 2 | P77: 2 | Q77: 2 | R77: 2 | S77: 2 | T77: 0 | U77: 0 | V77: 0 | W77: 0
C78: Phân tích tài chính (AI) | E78: Vũ | G78: 2 | H78: 2 | I78: 2 | J78: 2 | K78: 2 | L78: 2 | M78: 2 | N78: 2 | O78: 2 | P78: 2 | Q78: 2 | R78: 2 | S78: 2 | T78: 0 | U78: 0 | V78: 0 | W78: 0
C79: Cảnh báo tài chính | E79: Đức | G79: 2 | H79: 2 | I79: 2 | J79: 2 | K79: 2 | L79: 2 | M79: 2 | N79: 2 | O79: 2 | P79: 2 | Q79: 2 | R79: 2 | S79: 2 | T79: 0 | U79: 0 | V79: 0 | W79: 0
C80: Quản lý ngân sách | E80: Nguyên | G80: 2 | H80: 2 | I80: 2 | J80: 2 | K80: 2 | L80: 2 | M80: 2 | N80: 2 | O80: 2 | P80: 2 | Q80: 2 | R80: 2 | S80: 2 | T80: 0 | U80: 0 | V80: 0 | W80: 0
C81: Quản lý kế hoạch tài chính | E81: Nhã | G81: 2 | H81: 2 | I81: 2 | J81: 2 | K81: 2 | L81: 2 | M81: 2 | N81: 2 | O81: 2 | P81: 2 | Q81: 2 | R81: 2 | S81: 2 | T81: 0 | U81: 0 | V81: 0 | W81: 0
C82: Thông báo & nhắc nhở | E82: Tiên | G82: 2 | H82: 2 | I82: 2 | J82: 2 | K82: 2 | L82: 2 | M82: 2 | N82: 2 | O82: 2 | P82: 2 | Q82: 2 | R82: 2 | S82: 2 | T82: 0 | U82: 0 | V82: 0 | W82: 0
C83: Tìm kiếm & lọc dữ liệu | E83: Vũ | G83: 2 | H83: 2 | I83: 2 | J83: 2 | K83: 2 | L83: 2 | M83: 2 | N83: 2 | O83: 2 | P83: 2 | Q83: 2 | R83: 2 | S83: 2 | T83: 0 | U83: 0 | V83: 0 | W83: 0
C84: Quản lý tài khoản người dùng (Admin) | E84: Đức | G84: 2 | H84: 2 | I84: 2 | J84: 2 | K84: 2 | L84: 2 | M84: 2 | N84: 2 | O84: 2 | P84: 2 | Q84: 2 | R84: 2 | S84: 2 | T84: 0 | U84: 0 | V84: 0 | W84: 0
C85: Quản lý danh mục (Admin) | E85: Nguyên | G85: 2 | H85: 2 | I85: 2 | J85: 2 | K85: 2 | L85: 2 | M85: 2 | N85: 2 | O85: 2 | P85: 2 | Q85: 2 | R85: 2 | S85: 2 | T85: 0 | U85: 0 | V85: 0 | W85: 0
B86: Re-testing | C86: Báo cáo & Thống kê | E86: Tiên | G86: 2 | H86: 2 | I86: 2 | J86: 2 | K86: 2 | L86: 2 | M86: 2 | N86: 2 | O86: 2 | P86: 2 | Q86: 2 | R86: 2 | S86: 2 | T86: 2 | U86: 0 | V86: 0 | W86: 0
C87: Phân tích tài chính (AI) | E87: Vũ | G87: 2 | H87: 2 | I87: 2 | J87: 2 | K87: 2 | L87: 2 | M87: 2 | N87: 2 | O87: 2 | P87: 2 | Q87: 2 | R87: 2 | S87: 2 | T87: 2 | U87: 0 | V87: 0 | W87: 0
C88: Cảnh báo tài chính | E88: Đức | G88: 2 | H88: 2 | I88: 2 | J88: 2 | K88: 2 | L88: 2 | M88: 2 | N88: 2 | O88: 2 | P88: 2 | Q88: 2 | R88: 2 | S88: 2 | T88: 2 | U88: 0 | V88: 0 | W88: 0
C89: Quản lý ngân sách | E89: Nguyên | G89: 2 | H89: 2 | I89: 2 | J89: 2 | K89: 2 | L89: 2 | M89: 2 | N89: 2 | O89: 2 | P89: 2 | Q89: 2 | R89: 2 | S89: 2 | T89: 2 | U89: 0 | V89: 0 | W89: 0
C90: Quản lý kế hoạch tài chính | E90: Nhã | G90: 2 | H90: 2 | I90: 2 | J90: 2 | K90: 2 | L90: 2 | M90: 2 | N90: 2 | O90: 2 | P90: 2 | Q90: 2 | R90: 2 | S90: 2 | T90: 2 | U90: 0 | V90: 0 | W90: 0
C91: Thông báo & nhắc nhở | E91: Tiên | G91: =H91+U92 -> 1 | H91: 2 | I91: 2 | J91: 2 | K91: 2 | L91: 2 | M91: 2 | N91: 2 | O91: 2 | P91: 2 | Q91: 2 | R91: 2 | S91: 2 | T91: 2 | U91: 0 | V91: 0 | W91: 0
U92: -1
C93: Tìm kiếm & lọc dữ liệu | E93: Vũ | G93: 2 | H93: 2 | I93: 2 | J93: 2 | K93: 2 | L93: 2 | M93: 2 | N93: 2 | O93: 2 | P93: 2 | Q93: 2 | R93: 2 | S93: 2 | T93: 2 | U93: 0 | V93: 0 | W93: 0
C94: Quản lý tài khoản người dùng (Admin) | E94: Đức | G94: =H94+U95 -> 1 | H94: 2 | I94: 2 | J94: 2 | K94: 2 | L94: 2 | M94: 2 | N94: 2 | O94: 2 | P94: 2 | Q94: 2 | R94: 2 | S94: 2 | T94: 2 | U94: 0 | V94: 0 | W94: 0
U95: -1
C96: Quản lý danh mục (Admin) | E96: Nguyên | G96: 2 | H96: 2 | I96: 2 | J96: 2 | K96: 2 | L96: 2 | M96: 2 | N96: 2 | O96: 2 | P96: 2 | Q96: 2 | R96: 2 | S96: 2 | T96: 2 | U96: 0 | V96: 0 | W96: 0
B97: Release Sprint 3 | C97: Sprint 3 review meeting | E97: All team | G97: 5 | H97: 10 | I97: 10 | J97: 10 | K97: 10 | L97: 10 | M97: 10 | N97: 10 | O97: 10 | P97: 10 | Q97: 10 | R97: 10 | S97: 10 | T97: 10 | U97: 10 | V97: 0 | W97: 0
C98: Sprint 3 retrospective | E98: All team | G98: 5 | H98: 10 | I98: 10 | J98: 10 | K98: 10 | L98: 10 | M98: 10 | N98: 10 | O98: 10 | P98: 10 | Q98: 10 | R98: 10 | S98: 10 | T98: 10 | U98: 10 | V98: 10 | W98: 0
B99: Tổng | E99: Thực tế | G99: =SUM(G16:G98) -> 223 | I99: =SUM(I16:I98) -> 228 | J99: =SUM(J16:J98) -> 220 | K99: =SUM(K16:K98) -> 188 | L99: =SUM(L16:L98) -> 158 | M99: =SUM(M16:M98) -> 164 | N99: =SUM(N16:N98) -> 130 | O99: =SUM(O16:O98) -> 128 | P99: =SUM(P16:P98) -> 128 | Q99: =SUM(Q16:Q98)+Q42 -> 128 | R99: =SUM(R16:R98) -> 80 | S99: =SUM(S16:S98) -> 55 | T99: =SUM(T16:T98)-T52 -> 38 | U99: =SUM(U16:U98) -> 18 | V99: =SUM(V16:V98) -> 10 | W99: =SUM(W16:W98) -> 0
E100: Ước tính | G100: =SUM(H16:H98) -> 238 | I100: =G100-H16 -> 228 | J100: =I100-SUM(G17:G18) -> 220 | K100: =J100-SUM(H19:H29) -> 192 | L100: =K100-SUM(H31:H41) -> 164 | M100: =L100 -> 164 | N100: =M100-SUM(H43:H53) -> 128 | O100: =N100 -> 128 | P100: =O100 -> 128 | Q100: =P100 -> 128 | R100: =Q100-SUM(H54:H66) -> 74 | S100: =R100-SUM(H67:H76) -> 56 | T100: =S100-SUM(H77:H85) -> 38 | U100: =T100-SUM(H86:H96) -> 20 | V100: =U100-H97 -> 10 | W100: =V100-H98 -> 0

Sheet Total
A1: SPRINT BACKLOG REPORT
B2: Đức | D2: Tiên | F2: Vũ | H2: Nguyên | J2: Nhã
B3: Thực tế | C3: Ước tính | D3: Thực tế | E3: Ước tính | F3: Thực tế | G3: Ước tính | H3: Thực tế | I3: Ước tính | J3: Thực tế | K3: Ước tính
A4: Sprint 1 | B4: ='Srpint 1'!D8 -> 42 | C4: ='Srpint 1'!E8 -> 46 | D4: ='Srpint 1'!D9 -> 43 | E4: ='Srpint 1'!E9 -> 46 | F4: ='Srpint 1'!D10 -> 40 | G4: ='Srpint 1'!E10 -> 44 | H4: ='Srpint 1'!D11 -> 45 | I4: ='Srpint 1'!E11 -> 46 | J4: ='Srpint 1'!D12 -> 43 | K4: ='Srpint 1'!E12 -> 46
A5: Sprint 2 | B5: ='Sprint 2'!D8 -> 46 | C5: ='Sprint 2'!E8 -> 50 | D5: ='Sprint 2'!D9 -> 39 | E5: ='Sprint 2'!E9 -> 42 | F5: ='Sprint 2'!D10 -> 39 | G5: ='Sprint 2'!E10 -> 42 | H5: ='Sprint 2'!D11 -> 46 | I5: ='Sprint 2'!E11 -> 48 | J5: ='Sprint 2'!D12 -> 48 | K5: ='Sprint 2'!E12 -> 46
A6: Sprint 3 | B6: ='Sprint 3'!D8 -> 55 | C6: ='Sprint 3'!E8 -> 60 | D6: ='Sprint 3'!D9 -> 33 | E6: ='Sprint 3'!E9 -> 40 | F6: ='Sprint 3'!D10 -> 39 | G6: ='Sprint 3'!E10 -> 42 | H6: ='Sprint 3'!D11 -> 62 | I6: ='Sprint 3'!E11 -> 60 | J6: ='Sprint 3'!D12 -> 34 | K6: ='Sprint 3'!E12 -> 36
A7: Tổng | B7: =SUM(B4:B6) -> 143 | C7: =SUM(C4:C6) -> 156 | D7: =SUM(D4:D6) -> 115 | E7: =SUM(E4:E6) -> 128 | F7: =SUM(F4:F6) -> 118 | G7: =SUM(G4:G6) -> 128 | H7: =SUM(H4:H6) -> 153 | I7: =SUM(I4:I6) -> 154 | ... K7: =SUM(K4:K6) -> 128
E10: FINAL TOTAL
E11: Thực tế | F11: =SUMIF(B3:K3,"Thực tế",B7:K7) -> 654
E12: Ước tính | F12: =SUMIF(B3:K3,"Ước tính",B7:K7) -> 694
